<?xml version="1.0" encoding="UTF-8" ?>
<profiles xmlns="http://www.eprosima.com/XMLSchemas/fastRTPS_Profiles">
	<transport_descriptors>
		<transport_descriptor>
			<transport_id>CustomUdpTransport</transport_id>
			<type>UDPv4</type>
			<interfaceWhiteList>
				<address>192.168.186.10</address>
			</interfaceWhiteList>
		</transport_descriptor>
	</transport_descriptors>

	<participant profile_name="participant" is_default_profile="true">
		<rtps>
			<userTransports>
				<transport_id>CustomUdpTransport</transport_id>
			</userTransports>
			<useBuiltinTransports>false</useBuiltinTransports>

		</rtps>
	</participant>
</profiles>
